name,code,code3,numeric_code,subcontinent,native_name,flag,flag_unicode
Andorra,AD,AND,020,39,Andorra,ğŸ‡¦ğŸ‡©,U+1F1E6 U+1F1E9
United Arab Emirates,AE,ARE,784,145,Ø¯ÙˆÙ„Ø© Ø§Ù„Ø¥Ù…Ø§Ø±Ø§Øª Ø§Ù„Ø¹Ø±Ø¨ÙŠØ© Ø§Ù„Ù…ØªØ­Ø¯Ø©,ğŸ‡¦ğŸ‡ª,U+1F1E6 U+1F1EA
Afghanistan,AF,AFG,004,34,Ø§ÙØºØ§Ù†Ø³ØªØ§Ù†,ğŸ‡¦ğŸ‡«,U+1F1E6 U+1F1EB
Antigua and Barbuda,AG,ATG,028,419,Antigua and Barbuda,ğŸ‡¦ğŸ‡¬,U+1F1E6 U+1F1EC
Anguilla,AI,AIA,660,419,Anguilla,ğŸ‡¦ğŸ‡®,U+1F1E6 U+1F1EE
Albania,AL,ALB,008,39,ShqipÃ«ria,ğŸ‡¦ğŸ‡±,U+1F1E6 U+1F1F1
Armenia,AM,ARM,051,145,Õ€Õ¡ÕµÕ¡Õ½Õ¿Õ¡Õ¶,ğŸ‡¦ğŸ‡²,U+1F1E6 U+1F1F2
Angola,AO,AGO,024,202,Angola,ğŸ‡¦ğŸ‡´,U+1F1E6 U+1F1F4
Antarctica,AQ,ATA,010,1,Antarctica,ğŸ‡¦ğŸ‡¶,U+1F1E6 U+1F1F6
Argentina,AR,ARG,032,419,Argentina,ğŸ‡¦ğŸ‡·,U+1F1E6 U+1F1F7
American Samoa,AS,ASM,016,61,American Samoa,ğŸ‡¦ğŸ‡¸,U+1F1E6 U+1F1F8
Austria,AT,AUT,040,155,Ã–sterreich,ğŸ‡¦ğŸ‡¹,U+1F1E6 U+1F1F9
Australia,AU,AUS,036,53,Australia,ğŸ‡¦ğŸ‡º,U+1F1E6 U+1F1FA
Aruba,AW,ABW,533,419,Aruba,ğŸ‡¦ğŸ‡¼,U+1F1E6 U+1F1FC
Ã…land Islands,AX,ALA,248,154,Ã…land,ğŸ‡¦ğŸ‡½,U+1F1E6 U+1F1FD
Azerbaijan,AZ,AZE,031,145,AzÉ™rbaycan,ğŸ‡¦ğŸ‡¿,U+1F1E6 U+1F1FF
Bosnia and Herzegovina,BA,BIH,070,39,Bosna i Hercegovina,ğŸ‡§ğŸ‡¦,U+1F1E7 U+1F1E6
Barbados,BB,BRB,052,419,Barbados,ğŸ‡§ğŸ‡§,U+1F1E7 U+1F1E7
Bangladesh,BD,BGD,050,34,Bangladesh,ğŸ‡§ğŸ‡©,U+1F1E7 U+1F1E9
Belgium,BE,BEL,056,155,BelgiÃ«,ğŸ‡§ğŸ‡ª,U+1F1E7 U+1F1EA
Burkina Faso,BF,BFA,854,202,Burkina Faso,ğŸ‡§ğŸ‡«,U+1F1E7 U+1F1EB
Bulgaria,BG,BGR,100,151,Ğ‘ÑŠĞ»Ğ³Ğ°Ñ€Ğ¸Ñ,ğŸ‡§ğŸ‡¬,U+1F1E7 U+1F1EC
Bahrain,BH,BHR,048,145,â€Ø§Ù„Ø¨Ø­Ø±ÙŠÙ†,ğŸ‡§ğŸ‡­,U+1F1E7 U+1F1ED
Burundi,BI,BDI,108,202,Burundi,ğŸ‡§ğŸ‡®,U+1F1E7 U+1F1EE
Benin,BJ,BEN,204,202,BÃ©nin,ğŸ‡§ğŸ‡¯,U+1F1E7 U+1F1EF
Saint BarthÃ©lemy,BL,BLM,652,419,Saint-BarthÃ©lemy,ğŸ‡§ğŸ‡±,U+1F1E7 U+1F1F1
Bermuda,BM,BMU,060,21,Bermuda,ğŸ‡§ğŸ‡²,U+1F1E7 U+1F1F2
Brunei Darussalam,BN,BRN,096,35,Negara Brunei Darussalam,ğŸ‡§ğŸ‡³,U+1F1E7 U+1F1F3
Bolivia (Plurinational State of),BO,BOL,068,419,Bolivia,ğŸ‡§ğŸ‡´,U+1F1E7 U+1F1F4
"Bonaire, Sint Eustatius and Saba",BQ,BES,535,419,Bonaire,ğŸ‡§ğŸ‡¶,U+1F1E7 U+1F1F6
Brazil,BR,BRA,076,419,Brasil,ğŸ‡§ğŸ‡·,U+1F1E7 U+1F1F7
Bahamas,BS,BHS,044,419,Bahamas,ğŸ‡§ğŸ‡¸,U+1F1E7 U+1F1F8
Bhutan,BT,BTN,064,34,Ê¼brug-yul,ğŸ‡§ğŸ‡¹,U+1F1E7 U+1F1F9
Bouvet Island,BV,BVT,074,419,BouvetÃ¸ya,ğŸ‡§ğŸ‡»,U+1F1E7 U+1F1FB
Botswana,BW,BWA,072,202,Botswana,ğŸ‡§ğŸ‡¼,U+1F1E7 U+1F1FC
Belarus,BY,BLR,112,151,Ğ‘ĞµĞ»Ğ°Ñ€ÑƒÌÑÑŒ,ğŸ‡§ğŸ‡¾,U+1F1E7 U+1F1FE
Belize,BZ,BLZ,084,419,Belize,ğŸ‡§ğŸ‡¿,U+1F1E7 U+1F1FF
Canada,CA,CAN,124,21,Canada,ğŸ‡¨ğŸ‡¦,U+1F1E8 U+1F1E6
Cocos (Keeling) Islands,CC,CCK,166,53,Cocos (Keeling) Islands,ğŸ‡¨ğŸ‡¨,U+1F1E8 U+1F1E8
"Congo, Democratic Republic of the",CD,COD,180,202,RÃ©publique dÃ©mocratique du Congo,ğŸ‡¨ğŸ‡©,U+1F1E8 U+1F1E9
Central African Republic,CF,CAF,140,202,KÃ¶dÃ¶rÃ¶sÃªse tÃ® BÃªafrÃ®ka,ğŸ‡¨ğŸ‡«,U+1F1E8 U+1F1EB
Congo,CG,COG,178,202,RÃ©publique du Congo,ğŸ‡¨ğŸ‡¬,U+1F1E8 U+1F1EC
Switzerland,CH,CHE,756,155,Schweiz,ğŸ‡¨ğŸ‡­,U+1F1E8 U+1F1ED
CÃ´te d'Ivoire,CI,CIV,384,202,CÃ´te d'Ivoire,ğŸ‡¨ğŸ‡®,U+1F1E8 U+1F1EE
Cook Islands,CK,COK,184,61,Cook Islands,ğŸ‡¨ğŸ‡°,U+1F1E8 U+1F1F0
Chile,CL,CHL,152,419,Chile,ğŸ‡¨ğŸ‡±,U+1F1E8 U+1F1F1
Cameroon,CM,CMR,120,202,Cameroon,ğŸ‡¨ğŸ‡²,U+1F1E8 U+1F1F2
China,CN,CHN,156,30,ä¸­å›½,ğŸ‡¨ğŸ‡³,U+1F1E8 U+1F1F3
Colombia,CO,COL,170,419,Colombia,ğŸ‡¨ğŸ‡´,U+1F1E8 U+1F1F4
Costa Rica,CR,CRI,188,419,Costa Rica,ğŸ‡¨ğŸ‡·,U+1F1E8 U+1F1F7
Cuba,CU,CUB,192,419,Cuba,ğŸ‡¨ğŸ‡º,U+1F1E8 U+1F1FA
Cabo Verde,CV,CPV,132,202,Cabo Verde,ğŸ‡¨ğŸ‡»,U+1F1E8 U+1F1FB
CuraÃ§ao,CW,CUW,531,419,CuraÃ§ao,ğŸ‡¨ğŸ‡¼,U+1F1E8 U+1F1FC
Christmas Island,CX,CXR,162,53,Christmas Island,ğŸ‡¨ğŸ‡½,U+1F1E8 U+1F1FD
Cyprus,CY,CYP,196,145,ÎšÏÏ€ÏÎ¿Ï‚,ğŸ‡¨ğŸ‡¾,U+1F1E8 U+1F1FE
Czechia,CZ,CZE,203,151,ÄŒeskÃ¡ republika,ğŸ‡¨ğŸ‡¿,U+1F1E8 U+1F1FF
Germany,DE,DEU,276,155,Deutschland,ğŸ‡©ğŸ‡ª,U+1F1E9 U+1F1EA
Djibouti,DJ,DJI,262,202,Djibouti,ğŸ‡©ğŸ‡¯,U+1F1E9 U+1F1EF
Denmark,DK,DNK,208,154,Danmark,ğŸ‡©ğŸ‡°,U+1F1E9 U+1F1F0
Dominica,DM,DMA,212,419,Dominica,ğŸ‡©ğŸ‡²,U+1F1E9 U+1F1F2
Dominican Republic,DO,DOM,214,419,RepÃºblica Dominicana,ğŸ‡©ğŸ‡´,U+1F1E9 U+1F1F4
Algeria,DZ,DZA,012,15,Ø§Ù„Ø¬Ø²Ø§Ø¦Ø±,ğŸ‡©ğŸ‡¿,U+1F1E9 U+1F1FF
Ecuador,EC,ECU,218,419,Ecuador,ğŸ‡ªğŸ‡¨,U+1F1EA U+1F1E8
Estonia,EE,EST,233,154,Eesti,ğŸ‡ªğŸ‡ª,U+1F1EA U+1F1EA
Egypt,EG,EGY,818,15,Ù…ØµØ±â€,ğŸ‡ªğŸ‡¬,U+1F1EA U+1F1EC
Western Sahara,EH,ESH,732,15,Ø§Ù„ØµØ­Ø±Ø§Ø¡ Ø§Ù„ØºØ±Ø¨ÙŠØ©,ğŸ‡ªğŸ‡­,U+1F1EA U+1F1ED
Eritrea,ER,ERI,232,202,áŠ¤áˆ­á‰µáˆ«,ğŸ‡ªğŸ‡·,U+1F1EA U+1F1F7
Spain,ES,ESP,724,39,EspaÃ±a,ğŸ‡ªğŸ‡¸,U+1F1EA U+1F1F8
Ethiopia,ET,ETH,231,202,áŠ¢á‰µá‹®áŒµá‹«,ğŸ‡ªğŸ‡¹,U+1F1EA U+1F1F9
Finland,FI,FIN,246,154,Suomi,ğŸ‡«ğŸ‡®,U+1F1EB U+1F1EE
Fiji,FJ,FJI,242,54,Fiji,ğŸ‡«ğŸ‡¯,U+1F1EB U+1F1EF
Falkland Islands (Malvinas),FK,FLK,238,419,Falkland Islands,ğŸ‡«ğŸ‡°,U+1F1EB U+1F1F0
Micronesia (Federated States of),FM,FSM,583,57,Micronesia,ğŸ‡«ğŸ‡²,U+1F1EB U+1F1F2
Faroe Islands,FO,FRO,234,154,FÃ¸royar,ğŸ‡«ğŸ‡´,U+1F1EB U+1F1F4
France,FR,FRA,250,155,France,ğŸ‡«ğŸ‡·,U+1F1EB U+1F1F7
Gabon,GA,GAB,266,202,Gabon,ğŸ‡¬ğŸ‡¦,U+1F1EC U+1F1E6
United Kingdom of Great Britain and Northern Ireland,GB,GBR,826,154,United Kingdom,ğŸ‡¬ğŸ‡§,U+1F1EC U+1F1E7
Grenada,GD,GRD,308,419,Grenada,ğŸ‡¬ğŸ‡©,U+1F1EC U+1F1E9
Georgia,GE,GEO,268,145,áƒ¡áƒáƒ¥áƒáƒ áƒ—áƒ•áƒ”áƒšáƒ,ğŸ‡¬ğŸ‡ª,U+1F1EC U+1F1EA
French Guiana,GF,GUF,254,419,Guyane franÃ§aise,ğŸ‡¬ğŸ‡«,U+1F1EC U+1F1EB
Guernsey,GG,GGY,831,154,Guernsey,ğŸ‡¬ğŸ‡¬,U+1F1EC U+1F1EC
Ghana,GH,GHA,288,202,Ghana,ğŸ‡¬ğŸ‡­,U+1F1EC U+1F1ED
Gibraltar,GI,GIB,292,39,Gibraltar,ğŸ‡¬ğŸ‡®,U+1F1EC U+1F1EE
Greenland,GL,GRL,304,21,Kalaallit Nunaat,ğŸ‡¬ğŸ‡±,U+1F1EC U+1F1F1
Gambia,GM,GMB,270,202,Gambia,ğŸ‡¬ğŸ‡²,U+1F1EC U+1F1F2
Guinea,GN,GIN,324,202,GuinÃ©e,ğŸ‡¬ğŸ‡³,U+1F1EC U+1F1F3
Guadeloupe,GP,GLP,312,419,Guadeloupe,ğŸ‡¬ğŸ‡µ,U+1F1EC U+1F1F5
Equatorial Guinea,GQ,GNQ,226,202,Guinea Ecuatorial,ğŸ‡¬ğŸ‡¶,U+1F1EC U+1F1F6
Greece,GR,GRC,300,39,Î•Î»Î»Î¬Î´Î±,ğŸ‡¬ğŸ‡·,U+1F1EC U+1F1F7
South Georgia and the South Sandwich Islands,GS,SGS,239,419,South Georgia,ğŸ‡¬ğŸ‡¸,U+1F1EC U+1F1F8
Guatemala,GT,GTM,320,419,Guatemala,ğŸ‡¬ğŸ‡¹,U+1F1EC U+1F1F9
Guam,GU,GUM,316,57,Guam,ğŸ‡¬ğŸ‡º,U+1F1EC U+1F1FA
Guinea-Bissau,GW,GNB,624,202,GuinÃ©-Bissau,ğŸ‡¬ğŸ‡¼,U+1F1EC U+1F1FC
Guyana,GY,GUY,328,419,Guyana,ğŸ‡¬ğŸ‡¾,U+1F1EC U+1F1FE
Hong Kong,HK,HKG,344,30,é¦™æ¸¯,ğŸ‡­ğŸ‡°,U+1F1ED U+1F1F0
Heard Island and McDonald Islands,HM,HMD,334,53,Heard Island and McDonald Islands,ğŸ‡­ğŸ‡²,U+1F1ED U+1F1F2
Honduras,HN,HND,340,419,Honduras,ğŸ‡­ğŸ‡³,U+1F1ED U+1F1F3
Croatia,HR,HRV,191,39,Hrvatska,ğŸ‡­ğŸ‡·,U+1F1ED U+1F1F7
Haiti,HT,HTI,332,419,HaÃ¯ti,ğŸ‡­ğŸ‡¹,U+1F1ED U+1F1F9
Hungary,HU,HUN,348,151,MagyarorszÃ¡g,ğŸ‡­ğŸ‡º,U+1F1ED U+1F1FA
Indonesia,ID,IDN,360,35,Indonesia,ğŸ‡®ğŸ‡©,U+1F1EE U+1F1E9
Ireland,IE,IRL,372,154,Ã‰ire,ğŸ‡®ğŸ‡ª,U+1F1EE U+1F1EA
Israel,IL,ISR,376,145,×™Ö´×©Ö°×‚×¨Ö¸×Öµ×œ,ğŸ‡®ğŸ‡±,U+1F1EE U+1F1F1
Isle of Man,IM,IMN,833,154,Isle of Man,ğŸ‡®ğŸ‡²,U+1F1EE U+1F1F2
India,IN,IND,356,34,à¤­à¤¾à¤°à¤¤,ğŸ‡®ğŸ‡³,U+1F1EE U+1F1F3
British Indian Ocean Territory,IO,IOT,086,202,British Indian Ocean Territory,ğŸ‡®ğŸ‡´,U+1F1EE U+1F1F4
Iraq,IQ,IRQ,368,145,Ø§Ù„Ø¹Ø±Ø§Ù‚,ğŸ‡®ğŸ‡¶,U+1F1EE U+1F1F6
Iran (Islamic Republic of),IR,IRN,364,34,Ø§ÛŒØ±Ø§Ù†,ğŸ‡®ğŸ‡·,U+1F1EE U+1F1F7
Iceland,IS,ISL,352,154,Ãsland,ğŸ‡®ğŸ‡¸,U+1F1EE U+1F1F8
Italy,IT,ITA,380,39,Italia,ğŸ‡®ğŸ‡¹,U+1F1EE U+1F1F9
Jersey,JE,JEY,832,154,Jersey,ğŸ‡¯ğŸ‡ª,U+1F1EF U+1F1EA
Jamaica,JM,JAM,388,419,Jamaica,ğŸ‡¯ğŸ‡²,U+1F1EF U+1F1F2
Jordan,JO,JOR,400,145,Ø§Ù„Ø£Ø±Ø¯Ù†,ğŸ‡¯ğŸ‡´,U+1F1EF U+1F1F4
Japan,JP,JPN,392,30,æ—¥æœ¬,ğŸ‡¯ğŸ‡µ,U+1F1EF U+1F1F5
Kenya,KE,KEN,404,202,Kenya,ğŸ‡°ğŸ‡ª,U+1F1F0 U+1F1EA
Kyrgyzstan,KG,KGZ,417,143,ĞšÑ‹Ñ€Ğ³Ñ‹Ğ·ÑÑ‚Ğ°Ğ½,ğŸ‡°ğŸ‡¬,U+1F1F0 U+1F1EC
Cambodia,KH,KHM,116,35,KÃ¢mpÅ­chÃ©a,ğŸ‡°ğŸ‡­,U+1F1F0 U+1F1ED
Kiribati,KI,KIR,296,57,Kiribati,ğŸ‡°ğŸ‡®,U+1F1F0 U+1F1EE
Comoros,KM,COM,174,202,Komori,ğŸ‡°ğŸ‡²,U+1F1F0 U+1F1F2
Saint Kitts and Nevis,KN,KNA,659,419,Saint Kitts and Nevis,ğŸ‡°ğŸ‡³,U+1F1F0 U+1F1F3
Korea (Democratic People's Republic of),KP,PRK,408,30,ë¶í•œ,ğŸ‡°ğŸ‡µ,U+1F1F0 U+1F1F5
"Korea, Republic of",KR,KOR,410,30,ëŒ€í•œë¯¼êµ­,ğŸ‡°ğŸ‡·,U+1F1F0 U+1F1F7
Kuwait,KW,KWT,414,145,Ø§Ù„ÙƒÙˆÙŠØª,ğŸ‡°ğŸ‡¼,U+1F1F0 U+1F1FC
Cayman Islands,KY,CYM,136,419,Cayman Islands,ğŸ‡°ğŸ‡¾,U+1F1F0 U+1F1FE
Kazakhstan,KZ,KAZ,398,143,ÒšĞ°Ğ·Ğ°Ò›ÑÑ‚Ğ°Ğ½,ğŸ‡°ğŸ‡¿,U+1F1F0 U+1F1FF
Lao People's Democratic Republic,LA,LAO,418,35,àºªàº›àº›àº¥àº²àº§,ğŸ‡±ğŸ‡¦,U+1F1F1 U+1F1E6
Lebanon,LB,LBN,422,145,Ù„Ø¨Ù†Ø§Ù†,ğŸ‡±ğŸ‡§,U+1F1F1 U+1F1E7
Saint Lucia,LC,LCA,662,419,Saint Lucia,ğŸ‡±ğŸ‡¨,U+1F1F1 U+1F1E8
Liechtenstein,LI,LIE,438,155,Liechtenstein,ğŸ‡±ğŸ‡®,U+1F1F1 U+1F1EE
Sri Lanka,LK,LKA,144,34,Å›rÄ« laá¹ƒkÄva,ğŸ‡±ğŸ‡°,U+1F1F1 U+1F1F0
Liberia,LR,LBR,430,202,Liberia,ğŸ‡±ğŸ‡·,U+1F1F1 U+1F1F7
Lesotho,LS,LSO,426,202,Lesotho,ğŸ‡±ğŸ‡¸,U+1F1F1 U+1F1F8
Lithuania,LT,LTU,440,154,Lietuva,ğŸ‡±ğŸ‡¹,U+1F1F1 U+1F1F9
Luxembourg,LU,LUX,442,155,Luxembourg,ğŸ‡±ğŸ‡º,U+1F1F1 U+1F1FA
Latvia,LV,LVA,428,154,Latvija,ğŸ‡±ğŸ‡»,U+1F1F1 U+1F1FB
Libya,LY,LBY,434,15,â€Ù„ÙŠØ¨ÙŠØ§,ğŸ‡±ğŸ‡¾,U+1F1F1 U+1F1FE
Morocco,MA,MAR,504,15,Ø§Ù„Ù…ØºØ±Ø¨,ğŸ‡²ğŸ‡¦,U+1F1F2 U+1F1E6
Monaco,MC,MCO,492,155,Monaco,ğŸ‡²ğŸ‡¨,U+1F1F2 U+1F1E8
"Moldova, Republic of",MD,MDA,498,151,Moldova,ğŸ‡²ğŸ‡©,U+1F1F2 U+1F1E9
Montenegro,ME,MNE,499,39,Ğ¦Ñ€Ğ½Ğ° Ğ“Ğ¾Ñ€Ğ°,ğŸ‡²ğŸ‡ª,U+1F1F2 U+1F1EA
Saint Martin (French part),MF,MAF,663,419,Saint-Martin,ğŸ‡²ğŸ‡«,U+1F1F2 U+1F1EB
Madagascar,MG,MDG,450,202,Madagasikara,ğŸ‡²ğŸ‡¬,U+1F1F2 U+1F1EC
Marshall Islands,MH,MHL,584,57,MÌ§ajeÄ¼,ğŸ‡²ğŸ‡­,U+1F1F2 U+1F1ED
North Macedonia,MK,MKD,807,39,Ğ¡ĞµĞ²ĞµÑ€Ğ½Ğ° ĞœĞ°ĞºĞµĞ´Ğ¾Ğ½Ğ¸Ñ˜Ğ°,ğŸ‡²ğŸ‡°,U+1F1F2 U+1F1F0
Mali,ML,MLI,466,202,Mali,ğŸ‡²ğŸ‡±,U+1F1F2 U+1F1F1
Myanmar,MM,MMR,104,35,á€™á€¼á€”á€ºá€™á€¬,ğŸ‡²ğŸ‡²,U+1F1F2 U+1F1F2
Mongolia,MN,MNG,496,30,ĞœĞ¾Ğ½Ğ³Ğ¾Ğ» ÑƒĞ»Ñ,ğŸ‡²ğŸ‡³,U+1F1F2 U+1F1F3
Macao,MO,MAC,446,30,æ¾³é–€,ğŸ‡²ğŸ‡´,U+1F1F2 U+1F1F4
Northern Mariana Islands,MP,MNP,580,57,Northern Mariana Islands,ğŸ‡²ğŸ‡µ,U+1F1F2 U+1F1F5
Martinique,MQ,MTQ,474,419,Martinique,ğŸ‡²ğŸ‡¶,U+1F1F2 U+1F1F6
Mauritania,MR,MRT,478,202,Ù…ÙˆØ±ÙŠØªØ§Ù†ÙŠØ§,ğŸ‡²ğŸ‡·,U+1F1F2 U+1F1F7
Montserrat,MS,MSR,500,419,Montserrat,ğŸ‡²ğŸ‡¸,U+1F1F2 U+1F1F8
Malta,MT,MLT,470,39,Malta,ğŸ‡²ğŸ‡¹,U+1F1F2 U+1F1F9
Mauritius,MU,MUS,480,202,Maurice,ğŸ‡²ğŸ‡º,U+1F1F2 U+1F1FA
Maldives,MV,MDV,462,34,Maldives,ğŸ‡²ğŸ‡»,U+1F1F2 U+1F1FB
Malawi,MW,MWI,454,202,Malawi,ğŸ‡²ğŸ‡¼,U+1F1F2 U+1F1FC
Mexico,MX,MEX,484,419,MÃ©xico,ğŸ‡²ğŸ‡½,U+1F1F2 U+1F1FD
Malaysia,MY,MYS,458,35,Malaysia,ğŸ‡²ğŸ‡¾,U+1F1F2 U+1F1FE
Mozambique,MZ,MOZ,508,202,MoÃ§ambique,ğŸ‡²ğŸ‡¿,U+1F1F2 U+1F1FF
Namibia,NA,NAM,516,202,Namibia,ğŸ‡³ğŸ‡¦,U+1F1F3 U+1F1E6
New Caledonia,NC,NCL,540,54,Nouvelle-CalÃ©donie,ğŸ‡³ğŸ‡¨,U+1F1F3 U+1F1E8
Niger,NE,NER,562,202,Niger,ğŸ‡³ğŸ‡ª,U+1F1F3 U+1F1EA
Norfolk Island,NF,NFK,574,53,Norfolk Island,ğŸ‡³ğŸ‡«,U+1F1F3 U+1F1EB
Nigeria,NG,NGA,566,202,Nigeria,ğŸ‡³ğŸ‡¬,U+1F1F3 U+1F1EC
Nicaragua,NI,NIC,558,419,Nicaragua,ğŸ‡³ğŸ‡®,U+1F1F3 U+1F1EE
Netherlands,NL,NLD,528,155,Nederland,ğŸ‡³ğŸ‡±,U+1F1F3 U+1F1F1
Norway,NO,NOR,578,154,Norge,ğŸ‡³ğŸ‡´,U+1F1F3 U+1F1F4
Nepal,NP,NPL,524,34,à¤¨à¤ªà¤²,ğŸ‡³ğŸ‡µ,U+1F1F3 U+1F1F5
Nauru,NR,NRU,520,57,Nauru,ğŸ‡³ğŸ‡·,U+1F1F3 U+1F1F7
Niue,NU,NIU,570,61,NiuÄ“,ğŸ‡³ğŸ‡º,U+1F1F3 U+1F1FA
New Zealand,NZ,NZL,554,53,New Zealand,ğŸ‡³ğŸ‡¿,U+1F1F3 U+1F1FF
Oman,OM,OMN,512,145,Ø¹Ù…Ø§Ù†,ğŸ‡´ğŸ‡²,U+1F1F4 U+1F1F2
Panama,PA,PAN,591,419,PanamÃ¡,ğŸ‡µğŸ‡¦,U+1F1F5 U+1F1E6
Peru,PE,PER,604,419,PerÃº,ğŸ‡µğŸ‡ª,U+1F1F5 U+1F1EA
French Polynesia,PF,PYF,258,61,PolynÃ©sie franÃ§aise,ğŸ‡µğŸ‡«,U+1F1F5 U+1F1EB
Papua New Guinea,PG,PNG,598,54,Papua Niugini,ğŸ‡µğŸ‡¬,U+1F1F5 U+1F1EC
Philippines,PH,PHL,608,35,Pilipinas,ğŸ‡µğŸ‡­,U+1F1F5 U+1F1ED
Pakistan,PK,PAK,586,34,Pakistan,ğŸ‡µğŸ‡°,U+1F1F5 U+1F1F0
Poland,PL,POL,616,151,Polska,ğŸ‡µğŸ‡±,U+1F1F5 U+1F1F1
Saint Pierre and Miquelon,PM,SPM,666,21,Saint-Pierre-et-Miquelon,ğŸ‡µğŸ‡²,U+1F1F5 U+1F1F2
Pitcairn,PN,PCN,612,61,Pitcairn Islands,ğŸ‡µğŸ‡³,U+1F1F5 U+1F1F3
Puerto Rico,PR,PRI,630,419,Puerto Rico,ğŸ‡µğŸ‡·,U+1F1F5 U+1F1F7
"Palestine, State of",PS,PSE,275,145,ÙÙ„Ø³Ø·ÙŠÙ†,ğŸ‡µğŸ‡¸,U+1F1F5 U+1F1F8
Portugal,PT,PRT,620,39,Portugal,ğŸ‡µğŸ‡¹,U+1F1F5 U+1F1F9
Palau,PW,PLW,585,57,Palau,ğŸ‡µğŸ‡¼,U+1F1F5 U+1F1FC
Paraguay,PY,PRY,600,419,Paraguay,ğŸ‡µğŸ‡¾,U+1F1F5 U+1F1FE
Qatar,QA,QAT,634,145,Ù‚Ø·Ø±,ğŸ‡¶ğŸ‡¦,U+1F1F6 U+1F1E6
RÃ©union,RE,REU,638,202,La RÃ©union,ğŸ‡·ğŸ‡ª,U+1F1F7 U+1F1EA
Romania,RO,ROU,642,151,RomÃ¢nia,ğŸ‡·ğŸ‡´,U+1F1F7 U+1F1F4
Serbia,RS,SRB,688,39,Ğ¡Ñ€Ğ±Ğ¸Ñ˜Ğ°,ğŸ‡·ğŸ‡¸,U+1F1F7 U+1F1F8
Russian Federation,RU,RUS,643,151,Ğ Ğ¾ÑÑĞ¸Ñ,ğŸ‡·ğŸ‡º,U+1F1F7 U+1F1FA
Rwanda,RW,RWA,646,202,Rwanda,ğŸ‡·ğŸ‡¼,U+1F1F7 U+1F1FC
Saudi Arabia,SA,SAU,682,145,Ø§Ù„Ø¹Ø±Ø¨ÙŠØ© Ø§Ù„Ø³Ø¹ÙˆØ¯ÙŠØ©,ğŸ‡¸ğŸ‡¦,U+1F1F8 U+1F1E6
Solomon Islands,SB,SLB,090,54,Solomon Islands,ğŸ‡¸ğŸ‡§,U+1F1F8 U+1F1E7
Seychelles,SC,SYC,690,202,Seychelles,ğŸ‡¸ğŸ‡¨,U+1F1F8 U+1F1E8
Sudan,SD,SDN,729,15,Ø§Ù„Ø³ÙˆØ¯Ø§Ù†,ğŸ‡¸ğŸ‡©,U+1F1F8 U+1F1E9
Sweden,SE,SWE,752,154,Sverige,ğŸ‡¸ğŸ‡ª,U+1F1F8 U+1F1EA
Singapore,SG,SGP,702,35,Singapore,ğŸ‡¸ğŸ‡¬,U+1F1F8 U+1F1EC
"Saint Helena, Ascension and Tristan da Cunha",SH,SHN,654,202,Saint Helena,ğŸ‡¸ğŸ‡­,U+1F1F8 U+1F1ED
Slovenia,SI,SVN,705,39,Slovenija,ğŸ‡¸ğŸ‡®,U+1F1F8 U+1F1EE
Svalbard and Jan Mayen,SJ,SJM,744,154,Svalbard og Jan Mayen,ğŸ‡¸ğŸ‡¯,U+1F1F8 U+1F1EF
Slovakia,SK,SVK,703,151,Slovensko,ğŸ‡¸ğŸ‡°,U+1F1F8 U+1F1F0
Sierra Leone,SL,SLE,694,202,Sierra Leone,ğŸ‡¸ğŸ‡±,U+1F1F8 U+1F1F1
San Marino,SM,SMR,674,39,San Marino,ğŸ‡¸ğŸ‡²,U+1F1F8 U+1F1F2
Senegal,SN,SEN,686,202,SÃ©nÃ©gal,ğŸ‡¸ğŸ‡³,U+1F1F8 U+1F1F3
Somalia,SO,SOM,706,202,Soomaaliya,ğŸ‡¸ğŸ‡´,U+1F1F8 U+1F1F4
Suriname,SR,SUR,740,419,Suriname,ğŸ‡¸ğŸ‡·,U+1F1F8 U+1F1F7
South Sudan,SS,SSD,728,202,South Sudan,ğŸ‡¸ğŸ‡¸,U+1F1F8 U+1F1F8
Sao Tome and Principe,ST,STP,678,202,SÃ£o TomÃ© e PrÃ­ncipe,ğŸ‡¸ğŸ‡¹,U+1F1F8 U+1F1F9
El Salvador,SV,SLV,222,419,El Salvador,ğŸ‡¸ğŸ‡»,U+1F1F8 U+1F1FB
Sint Maarten (Dutch part),SX,SXM,534,419,Sint Maarten,ğŸ‡¸ğŸ‡½,U+1F1F8 U+1F1FD
Syrian Arab Republic,SY,SYR,760,145,Ø³ÙˆØ±ÙŠØ§,ğŸ‡¸ğŸ‡¾,U+1F1F8 U+1F1FE
Eswatini,SZ,SWZ,748,202,Swaziland,ğŸ‡¸ğŸ‡¿,U+1F1F8 U+1F1FF
Turks and Caicos Islands,TC,TCA,796,419,Turks and Caicos Islands,ğŸ‡¹ğŸ‡¨,U+1F1F9 U+1F1E8
Chad,TD,TCD,148,202,Tchad,ğŸ‡¹ğŸ‡©,U+1F1F9 U+1F1E9
French Southern Territories,TF,ATF,260,202,Territoire des Terres australes et antarctiques fr,ğŸ‡¹ğŸ‡«,U+1F1F9 U+1F1EB
Togo,TG,TGO,768,202,Togo,ğŸ‡¹ğŸ‡¬,U+1F1F9 U+1F1EC
Thailand,TH,THA,764,35,à¸›à¸£à¸°à¹€à¸—à¸¨à¹„à¸—à¸¢,ğŸ‡¹ğŸ‡­,U+1F1F9 U+1F1ED
Tajikistan,TJ,TJK,762,143,Ğ¢Ğ¾Ò·Ğ¸ĞºĞ¸ÑÑ‚Ğ¾Ğ½,ğŸ‡¹ğŸ‡¯,U+1F1F9 U+1F1EF
Tokelau,TK,TKL,772,61,Tokelau,ğŸ‡¹ğŸ‡°,U+1F1F9 U+1F1F0
Timor-Leste,TL,TLS,626,35,Timor-Leste,ğŸ‡¹ğŸ‡±,U+1F1F9 U+1F1F1
Turkmenistan,TM,TKM,795,143,TÃ¼rkmenistan,ğŸ‡¹ğŸ‡²,U+1F1F9 U+1F1F2
Tunisia,TN,TUN,788,15,ØªÙˆÙ†Ø³,ğŸ‡¹ğŸ‡³,U+1F1F9 U+1F1F3
Tonga,TO,TON,776,61,Tonga,ğŸ‡¹ğŸ‡´,U+1F1F9 U+1F1F4
Turkey,TR,TUR,792,145,TÃ¼rkiye,ğŸ‡¹ğŸ‡·,U+1F1F9 U+1F1F7
Trinidad and Tobago,TT,TTO,780,419,Trinidad and Tobago,ğŸ‡¹ğŸ‡¹,U+1F1F9 U+1F1F9
Tuvalu,TV,TUV,798,61,Tuvalu,ğŸ‡¹ğŸ‡»,U+1F1F9 U+1F1FB
"Taiwan, Province of China",TW,TWN,158,30,è‡ºç£,ğŸ‡¹ğŸ‡¼,U+1F1F9 U+1F1FC
"Tanzania, United Republic of",TZ,TZA,834,202,Tanzania,ğŸ‡¹ğŸ‡¿,U+1F1F9 U+1F1FF
Ukraine,UA,UKR,804,151,Ğ£ĞºÑ€Ğ°Ñ—Ğ½Ğ°,ğŸ‡ºğŸ‡¦,U+1F1FA U+1F1E6
Uganda,UG,UGA,800,202,Uganda,ğŸ‡ºğŸ‡¬,U+1F1FA U+1F1EC
United States Minor Outlying Islands,UM,UMI,581,57,United States Minor Outlying Islands,ğŸ‡ºğŸ‡²,U+1F1FA U+1F1F2
United States of America,US,USA,840,21,United States,ğŸ‡ºğŸ‡¸,U+1F1FA U+1F1F8
Uruguay,UY,URY,858,419,Uruguay,ğŸ‡ºğŸ‡¾,U+1F1FA U+1F1FE
Uzbekistan,UZ,UZB,860,143,Oâ€˜zbekiston,ğŸ‡ºğŸ‡¿,U+1F1FA U+1F1FF
Holy See,VA,VAT,336,39,Vaticano,ğŸ‡»ğŸ‡¦,U+1F1FB U+1F1E6
Saint Vincent and the Grenadines,VC,VCT,670,419,Saint Vincent and the Grenadines,ğŸ‡»ğŸ‡¨,U+1F1FB U+1F1E8
Venezuela (Bolivarian Republic of),VE,VEN,862,419,Venezuela,ğŸ‡»ğŸ‡ª,U+1F1FB U+1F1EA
Virgin Islands (British),VG,VGB,092,419,British Virgin Islands,ğŸ‡»ğŸ‡¬,U+1F1FB U+1F1EC
Virgin Islands (U.S.),VI,VIR,850,419,United States Virgin Islands,ğŸ‡»ğŸ‡®,U+1F1FB U+1F1EE
Viet Nam,VN,VNM,704,35,Viá»‡t Nam,ğŸ‡»ğŸ‡³,U+1F1FB U+1F1F3
Vanuatu,VU,VUT,548,54,Vanuatu,ğŸ‡»ğŸ‡º,U+1F1FB U+1F1FA
Wallis and Futuna,WF,WLF,876,61,Wallis et Futuna,ğŸ‡¼ğŸ‡«,U+1F1FC U+1F1EB
Samoa,WS,WSM,882,61,Samoa,ğŸ‡¼ğŸ‡¸,U+1F1FC U+1F1F8
Yemen,YE,YEM,887,145,Ø§Ù„ÙŠÙÙ…ÙÙ†,ğŸ‡¾ğŸ‡ª,U+1F1FE U+1F1EA
Mayotte,YT,MYT,175,202,Mayotte,ğŸ‡¾ğŸ‡¹,U+1F1FE U+1F1F9
South Africa,ZA,ZAF,710,202,South Africa,ğŸ‡¿ğŸ‡¦,U+1F1FF U+1F1E6
Zambia,ZM,ZMB,894,202,Zambia,ğŸ‡¿ğŸ‡²,U+1F1FF U+1F1F2
Zimbabwe,ZW,ZWE,716,202,Zimbabwe,ğŸ‡¿ğŸ‡¼,U+1F1FF U+1F1FC